short_name,overall,weak_foot,skill_moves,work_rate,body_type,pace,shooting,passing,dribbling,defending,physic,player_traits,attacking_crossing,attacking_finishing,attacking_heading_accuracy,attacking_short_passing,attacking_volleys,skill_dribbling,skill_curve,skill_fk_accuracy,skill_long_passing,skill_ball_control,movement_acceleration,movement_sprint_speed,movement_agility,movement_reactions,movement_balance,power_shot_power,power_jumping,power_stamina,power_strength,power_long_shots,mentality_aggression,mentality_interceptions,mentality_positioning,mentality_vision,mentality_penalties,mentality_composure
L. Messi,94,4,4,Medium/Low,Messi,87.0,92.0,92.0,96.0,39.0,66.0,"Beat Offside Trap, Argues with Officials, Early Crosser, Finesse Shot, Speed Dribbler (CPU AI Only), 1-on-1 Rush, Giant Throw-in, Outside Foot Shot",88,95,70,92,88,97,93,94,92,96,91,84,93,95,95,86,68,75,68,94,48,40,94,94,75,96
Cristiano Ronaldo,93,4,5,High/Low,C. Ronaldo,90.0,93.0,82.0,89.0,35.0,78.0,"Long Throw-in, Selfish, Argues with Officials, Early Crosser, Speed Dribbler (CPU AI Only), Skilled Dribbling",84,94,89,83,87,89,81,76,77,92,89,91,87,96,71,95,95,85,78,93,63,29,95,82,85,95
M. Salah,90,3,4,High/Medium,PLAYER_BODY_TYPE_25,93.0,86.0,81.0,89.0,45.0,74.0,"Beat Offside Trap, Argues with Officials, Early Crosser, Speed Dribbler (CPU AI Only), Outside Foot Shot",79,90,59,84,79,89,83,69,75,89,94,92,91,92,88,80,69,85,73,84,63,55,92,84,77,91
K. Mbappé,89,4,5,High/Low,Normal,96.0,84.0,78.0,90.0,39.0,75.0,"Beat Offside Trap, Selfish, Early Crosser, Speed Dribbler (CPU AI Only), Crowd Favourite",78,89,77,82,79,91,79,63,70,90,96,96,92,89,83,83,76,84,76,79,62,38,89,80,70,84
H. Kane,89,4,3,High/High,Normal,70.0,91.0,79.0,81.0,47.0,83.0,"Injury Free, Avoids Using Weaker Foot, Argues with Officials, Giant Throw-in",75,94,86,81,85,80,78,68,83,84,68,72,71,91,73,90,79,87,84,86,78,35,93,81,90,91
S. Agüero,89,4,4,High/Medium,Stocky,80.0,90.0,77.0,88.0,33.0,74.0,"Avoids Using Weaker Foot, Outside Foot Shot",70,93,78,83,85,88,83,73,64,89,82,78,84,92,91,89,81,79,74,84,65,24,93,83,83,90
L. Suárez,89,4,3,High/Medium,Normal,73.0,89.0,80.0,84.0,51.0,84.0,"Diver, Speed Dribbler (CPU AI Only)",78,91,83,82,90,85,86,82,72,84,76,70,79,92,79,88,69,82,86,86,87,41,92,82,83,85
R. Lewandowski,89,4,4,High/Medium,Normal,77.0,87.0,74.0,85.0,41.0,82.0,"Diver, Beat Offside Trap, Speed Dribbler (CPU AI Only), Outside Foot Shot",62,88,85,82,88,85,77,85,65,88,77,77,78,90,82,87,84,78,84,84,81,39,91,77,86,86
A. Griezmann,89,3,4,High/High,Normal,81.0,86.0,84.0,89.0,57.0,72.0,"Beat Offside Trap, Selfish, Argues with Officials, Finesse Shot, Speed Dribbler (CPU AI Only), Outside Foot Shot, Crowd Favourite",83,89,84,85,87,88,86,85,82,90,82,81,90,92,83,82,89,87,63,83,73,49,90,86,86,89
P. Aubameyang,88,4,4,Medium/Low,Lean,94.0,85.0,75.0,80.0,37.0,69.0,"Diver, Beat Offside Trap, Early Crosser, Speed Dribbler (CPU AI Only), Outside Foot Shot",76,89,78,77,86,79,80,74,64,82,93,95,76,87,69,82,79,78,74,79,43,48,90,77,76,85
M. Reus,88,4,4,High/Medium,Lean,85.0,88.0,84.0,87.0,45.0,66.0,"Power Free-Kick, Avoids Using Weaker Foot, Beat Offside Trap, Argues with Officials, Early Crosser, Finesse Shot, Speed Dribbler (CPU AI Only)",82,87,49,86,90,87,89,86,77,88,85,85,86,87,84,88,71,76,67,87,51,48,89,86,90,85
E. Cavani,88,4,3,High/High,Lean,75.0,86.0,72.0,79.0,55.0,83.0,Long Passer (CPU AI Only),70,88,89,78,90,79,77,76,52,81,74,76,74,91,59,88,88,91,79,79,84,54,93,77,85,80
K. Benzema,87,4,4,Medium/Low,Normal,76.0,82.0,80.0,86.0,39.0,77.0,"Finesse Shot, Speed Dribbler (CPU AI Only), Giant Throw-in",75,84,83,85,83,86,81,73,72,90,78,74,78,85,69,82,77,79,80,76,65,39,88,86,82,87
D. Mertens,87,4,4,High/Low,Normal,88.0,83.0,80.0,91.0,35.0,53.0,"Beat Offside Trap, Selfish, Argues with Officials, Speed Dribbler (CPU AI Only), Crowd Favourite, Skilled Dribbling",79,86,40,82,70,91,82,79,74,89,93,83,94,88,92,80,59,73,39,81,59,36,87,83,79,81
L. Insigne,87,4,4,High/Medium,Normal,89.0,79.0,85.0,91.0,35.0,47.0,"Beat Offside Trap, Argues with Officials, Early Crosser",86,77,59,87,74,90,87,77,78,93,94,85,94,84,93,79,52,72,40,85,34,26,85,89,68,83
Roberto Firmino,86,4,4,High/High,Lean,77.0,82.0,80.0,87.0,61.0,78.0,"Selfish, Finesse Shot, Outside Foot Shot, Crowd Favourite",72,85,78,86,81,88,80,65,76,88,78,77,80,86,81,81,81,88,74,76,73,58,87,86,72,88
C. Immobile,86,4,3,High/Medium,Normal,80.0,85.0,63.0,81.0,39.0,76.0,Speed Dribbler (CPU AI Only),55,87,81,74,85,83,70,51,49,83,76,83,75,87,63,86,77,79,73,80,77,40,91,65,78,81
A. Lacazette,86,4,4,High/High,Normal,82.0,85.0,75.0,86.0,40.0,74.0,"Selfish, Speed Dribbler (CPU AI Only), Crowd Favourite",68,87,74,81,82,86,74,74,69,86,82,82,85,86,85,86,76,79,73,78,72,42,87,78,84,86
G. Higuaín,85,4,3,High/Medium,Normal,63.0,85.0,71.0,80.0,31.0,71.0,"Argues with Officials, Speed Dribbler (CPU AI Only), Skilled Dribbling",68,88,77,75,88,80,74,62,60,84,62,64,72,86,69,86,78,60,84,80,50,20,90,75,70,85
Iago Aspas,85,3,3,High/High,Lean,78.0,84.0,77.0,85.0,35.0,64.0,"Power Free-Kick, Beat Offside Trap, Speed Dribbler (CPU AI Only), Giant Throw-in, Outside Foot Shot",80,88,78,79,83,86,80,76,68,85,80,76,87,85,72,79,66,71,60,82,63,39,86,79,82,85
G. Bale,85,3,4,Medium/Medium,Lean,91.0,87.0,82.0,82.0,58.0,76.0,"Inflexible, Power Free-Kick, Argues with Officials, Early Crosser, Speed Dribbler (CPU AI Only), Outside Foot Shot",86,84,84,81,85,83,90,87,80,84,90,91,79,80,65,92,86,73,80,90,65,59,85,79,76,85
M. Icardi,85,4,3,Medium/Low,Normal,75.0,84.0,61.0,77.0,36.0,69.0,"Diver, Long Passer (CPU AI Only), Speed Dribbler (CPU AI Only)",46,89,88,73,85,75,58,45,54,80,76,75,75,85,76,84,94,67,73,70,56,22,92,64,82,79
A. Gómez,85,4,4,High/Medium,Normal,89.0,78.0,81.0,86.0,39.0,55.0,"Argues with Officials, Crowd Favourite",81,79,38,81,72,85,79,79,74,85,94,85,92,81,94,76,70,70,46,79,56,40,82,85,72,84
Z. Ibrahimović,85,4,5,Medium/Low,Normal,56.0,88.0,77.0,77.0,34.0,78.0,"Selfish, Argues with Officials, Long Passer (CPU AI Only), Speed Dribbler (CPU AI Only), Crowd Favourite",70,86,83,77,88,77,80,78,73,84,57,55,72,82,39,90,68,59,87,88,84,20,91,84,89,90
R. Lukaku,85,4,3,Medium/Medium,Stocky,75.0,82.0,73.0,72.0,35.0,84.0,"Early Crosser, Long Passer (CPU AI Only)",72,84,85,75,77,78,78,66,71,70,64,84,55,84,46,87,71,75,95,74,71,27,86,73,78,81
E. Džeko,84,5,2,Medium/Medium,Lean,60.0,84.0,71.0,75.0,46.0,73.0,"Avoids Using Weaker Foot, Beat Offside Trap",63,88,83,77,77,76,65,54,72,85,61,60,56,83,36,86,64,72,81,79,58,50,89,75,67,83
M. Mandžukić,84,3,3,High/High,Lean,68.0,80.0,71.0,75.0,65.0,86.0,"Injury Prone, Selfish, Long Passer (CPU AI Only), Speed Dribbler (CPU AI Only), Skilled Dribbling",72,85,90,75,86,76,64,49,67,79,61,73,65,88,55,83,85,81,87,61,88,66,90,74,76,80
D. Tadić,84,3,4,Medium/Medium,Normal,68.0,80.0,84.0,85.0,41.0,71.0,"Diver, Avoids Using Weaker Foot, Selfish, Finesse Shot, Speed Dribbler (CPU AI Only), Crowd Favourite",83,83,66,85,79,85,85,76,80,88,68,68,79,84,84,77,61,85,70,73,56,37,83,88,84,87
J. Iličić,84,4,4,Medium/Medium,Lean,70.0,84.0,84.0,85.0,43.0,67.0,"Beat Offside Trap, Selfish, Argues with Officials, Crowd Favourite",82,81,58,86,80,88,85,85,74,88,72,69,71,83,61,88,33,70,72,89,58,46,83,87,78,80
Morata,83,4,3,High/High,Normal,81.0,79.0,71.0,80.0,31.0,72.0,Early Crosser,73,81,86,78,80,83,76,44,51,82,75,85,66,80,58,80,84,70,79,72,56,24,85,76,70,76
Louri Beretta,83,3,4,High/Low,Normal,81.0,84.0,62.0,72.0,33.0,75.0,"Injury Free, Long Passer (CPU AI Only)",56,85,83,73,82,75,59,67,47,74,79,83,55,84,55,85,84,56,87,82,65,32,83,58,77,79
A. Kramarić,83,4,4,Medium/Medium,Normal,73.0,85.0,73.0,85.0,30.0,71.0,"Injury Free, Selfish, Argues with Officials, Outside Foot Shot, Crowd Favourite",76,86,69,79,85,86,79,74,53,85,76,70,83,83,83,83,69,77,67,85,73,21,84,72,90,82
Rodrigo,83,3,4,High/Medium,Lean,90.0,80.0,74.0,82.0,44.0,70.0,"Beat Offside Trap, Finesse Shot, Speed Dribbler (CPU AI Only), Crowd Favourite",72,80,80,80,77,82,83,67,58,82,88,91,81,82,74,83,77,74,71,76,60,31,83,77,77,80
M. Kruse,83,4,4,High/Medium,Normal,66.0,83.0,83.0,83.0,45.0,70.0,"Finesse Shot, Crowd Favourite",81,84,63,85,80,83,82,69,82,86,67,65,74,85,77,81,65,73,73,79,62,34,85,85,92,87
Diego Costa,83,4,2,High/Medium,Normal,73.0,82.0,64.0,75.0,49.0,85.0,"Power Free-Kick, Skilled Dribbling",65,85,84,65,81,77,62,59,52,82,71,75,56,83,51,83,63,74,90,74,93,40,84,74,75,83
Falcao,83,4,3,High/Medium,Normal,65.0,82.0,69.0,77.0,43.0,72.0,"Beat Offside Trap, Long Passer (CPU AI Only), Speed Dribbler (CPU AI Only)",55,86,89,78,83,74,81,72,58,81,66,64,75,82,75,78,90,67,72,77,73,41,90,70,81,85
F. Quagliarella,83,4,4,Medium/Medium,Normal,69.0,89.0,75.0,80.0,30.0,65.0,"Avoids Using Weaker Foot, Beat Offside Trap, Leadership, Argues with Officials, Speed Dribbler (CPU AI Only)",66,89,69,79,88,79,78,78,73,84,70,68,71,84,76,90,68,65,74,89,44,26,87,77,85,84
S. Haller,83,2,3,High/Medium,Lean,72.0,81.0,62.0,76.0,51.0,82.0,,40,85,86,76,82,76,57,46,45,80,68,76,68,84,53,81,80,72,89,67,76,36,84,75,91,82
W. Ben Yedder,83,5,4,High/High,Normal,84.0,82.0,77.0,85.0,39.0,61.0,"Selfish, Speed Dribbler (CPU AI Only), Crowd Favourite",74,88,74,80,83,85,80,76,66,84,88,81,90,83,89,81,78,68,59,69,55,44,89,80,76,84
Paco Alcácer,83,4,3,Medium/Low,Normal,79.0,84.0,68.0,80.0,36.0,63.0,"Power Free-Kick, Selfish, Argues with Officials, Speed Dribbler (CPU AI Only), Outside Foot Shot",53,86,78,79,85,78,85,85,51,82,81,78,84,85,84,82,67,65,64,84,57,26,86,67,71,84
Gonçalo Guedes,83,4,4,High/Medium,Normal,90.0,79.0,76.0,84.0,36.0,70.0,"Selfish, Argues with Officials, Early Crosser, Crowd Favourite",78,77,60,77,71,86,76,70,69,81,91,90,82,83,77,85,63,76,68,84,67,50,77,77,69,80
Borja Iglesias,83,3,3,High/Medium,Lean,67.0,83.0,63.0,76.0,35.0,82.0,"Beat Offside Trap, Selfish, Speed Dribbler (CPU AI Only)",50,86,82,71,71,77,41,36,65,80,65,69,64,78,72,83,70,76,91,82,68,30,84,71,79,82
A. Martial,83,3,4,Medium/Low,Normal,89.0,81.0,72.0,86.0,41.0,71.0,"Beat Offside Trap, Selfish, Early Crosser, Crowd Favourite",72,82,69,78,74,87,84,54,60,86,88,89,84,80,79,84,70,75,74,77,58,42,82,73,81,79
L. Jović,83,5,3,Medium/Medium,Stocky,77.0,82.0,68.0,81.0,29.0,74.0,"Speed Dribbler (CPU AI Only), Outside Foot Shot",67,86,79,74,84,81,77,46,58,83,76,77,78,83,77,83,75,76,78,76,62,23,84,70,66,79
A. Milik,83,3,4,Medium/Medium,Lean,69.0,85.0,64.0,76.0,39.0,74.0,"Power Free-Kick, Speed Dribbler (CPU AI Only)",58,88,80,66,78,76,74,84,62,81,67,71,67,77,63,86,64,70,80,82,67,36,85,60,79,78
N. Pépé,83,3,4,High/Low,Lean,91.0,81.0,75.0,85.0,33.0,67.0,"Injury Free, Beat Offside Trap, Argues with Officials, Early Crosser, Speed Dribbler (CPU AI Only), Crowd Favourite",78,82,57,75,70,86,79,72,67,82,90,91,91,83,79,80,68,84,68,79,43,28,82,80,85,83
M. Rashford,83,3,5,High/High,Lean,92.0,82.0,73.0,84.0,45.0,77.0,"Long Throw-in, Selfish, Argues with Officials, Early Crosser, Giant Throw-in, Crowd Favourite",74,81,72,75,76,85,82,76,63,83,89,94,86,81,75,88,72,87,75,79,73,42,84,75,76,78
T. Werner,83,4,3,High/Medium,Normal,92.0,81.0,67.0,83.0,35.0,69.0,Early Crosser,69,86,77,77,84,83,63,56,55,84,93,92,81,86,76,79,71,83,65,70,63,37,85,61,72,74
M. Arnautović,82,4,4,High/Medium,Normal,80.0,79.0,77.0,82.0,47.0,82.0,"Selfish, Crowd Favourite, Skilled Dribbling",78,78,74,78,79,84,79,72,74,85,77,83,69,78,66,84,67,78,84,75,84,44,83,77,77,81
Morales,82,4,4,High/Medium,Lean,89.0,81.0,76.0,85.0,58.0,69.0,"Injury Free, Beat Offside Trap, Early Crosser, Speed Dribbler (CPU AI Only), Giant Throw-in",79,83,64,78,77,88,82,72,68,84,88,90,78,83,83,79,61,82,67,81,58,58,84,76,78,85
D. Zapata,82,4,3,High/Medium,Normal,71.0,81.0,56.0,76.0,37.0,83.0,"Long Passer (CPU AI Only), Speed Dribbler (CPU AI Only)",44,87,83,70,77,77,48,62,43,81,70,72,64,76,60,86,79,70,94,64,72,20,86,56,70,78
J. Vardy,82,3,3,High/High,Lean,88.0,81.0,65.0,74.0,55.0,75.0,"Injury Prone, Giant Throw-in",68,85,78,67,81,74,65,57,48,74,87,88,72,83,75,85,78,79,68,64,87,49,86,72,83,81
C. Bakambu,82,4,3,Medium/Medium,Normal,90.0,81.0,72.0,80.0,35.0,76.0,"Beat Offside Trap, Early Crosser",74,84,71,75,80,80,78,54,66,82,90,90,81,81,72,84,81,80,76,74,72,39,85,73,69,80
L. de Jong,82,3,2,Medium/High,Normal,56.0,79.0,71.0,69.0,51.0,78.0,Long Passer (CPU AI Only),66,82,93,78,84,66,63,69,66,77,54,58,58,83,60,84,81,84,84,69,54,40,86,69,67,80
B. Dost,82,3,2,Medium/Medium,Lean,50.0,82.0,57.0,66.0,45.0,80.0,Long Passer (CPU AI Only),38,86,93,73,83,68,61,30,37,75,46,53,34,82,32,82,49,70,92,70,68,39,88,67,90,81
M. Balotelli,82,4,4,Medium/Low,Normal,76.0,82.0,73.0,79.0,24.0,76.0,"Long Throw-in, Injury Free, Selfish, Argues with Officials, Speed Dribbler (CPU AI Only), Crowd Favourite, Skilled Dribbling",64,83,67,79,78,81,75,78,66,85,75,77,71,68,50,86,74,66,83,77,70,30,78,74,91,81
Aduriz,82,3,3,High/Medium,Normal,61.0,82.0,64.0,75.0,49.0,74.0,"Long Passer (CPU AI Only), Giant Throw-in",54,83,92,72,80,76,61,54,52,82,60,61,56,85,53,82,89,50,82,78,82,23,87,73,86,87
O. Giroud,82,3,3,Medium/Medium,Normal,46.0,81.0,71.0,72.0,42.0,79.0,"Selfish, Speed Dribbler (CPU AI Only)",64,83,91,79,83,70,70,65,58,83,44,48,55,84,53,85,84,60,89,71,76,42,84,77,83,79
M. Politano,82,4,4,High/Medium,Normal,84.0,77.0,78.0,84.0,42.0,57.0,"Beat Offside Trap, Argues with Officials, Crowd Favourite",80,76,40,79,75,83,79,77,76,84,85,84,90,81,87,78,53,80,43,82,63,38,76,77,70,79
K. Volland,82,4,3,High/High,Stocky,76.0,84.0,79.0,79.0,41.0,83.0,"Diver, Avoids Using Weaker Foot",78,84,69,81,83,79,79,80,72,79,75,76,73,82,82,87,76,88,82,84,80,45,82,81,72,80
Willian José,82,4,4,Medium/Low,Normal,69.0,82.0,68.0,75.0,40.0,81.0,"Argues with Officials, Long Passer (CPU AI Only)",54,84,84,78,70,76,68,60,50,80,66,71,66,81,38,84,79,70,90,76,75,35,87,78,80,78
Iñaki Williams,82,2,4,High/High,Normal,94.0,80.0,72.0,80.0,41.0,82.0,"Early Crosser, Speed Dribbler (CPU AI Only), Giant Throw-in, Outside Foot Shot",78,83,71,74,74,83,76,53,66,77,93,95,80,80,64,85,88,82,85,73,73,21,84,73,64,78
A. Correa,82,4,4,High/Medium,Normal,83.0,80.0,75.0,86.0,54.0,65.0,"Selfish, Crowd Favourite",74,82,67,77,79,87,82,65,65,87,87,80,87,82,81,80,48,74,64,83,58,48,83,80,55,74
A. Belotti,82,5,3,High/High,Normal,77.0,81.0,57.0,77.0,41.0,82.0,"Long Passer (CPU AI Only), Speed Dribbler (CPU AI Only)",42,88,84,68,82,78,64,56,42,75,77,77,78,76,75,81,83,81,82,67,83,31,85,61,77,75
Gabriel Jesus,82,3,4,High/High,Normal,85.0,80.0,72.0,86.0,39.0,71.0,"Selfish, Outside Foot Shot, Crowd Favourite",66,84,75,76,72,86,76,54,66,85,87,83,90,85,90,78,78,83,63,73,73,32,86,77,78,81
B. Gomis,81,3,4,High/Low,Normal,70.0,82.0,66.0,75.0,36.0,74.0,,61,84,84,75,79,78,61,62,46,79,69,70,59,78,58,84,74,73,83,75,52,38,79,71,83,82
S. Mandíquez,81,4,4,High/Medium,Stocky,80.0,80.0,56.0,74.0,29.0,80.0,Long Passer (CPU AI Only),48,83,86,69,75,75,53,52,40,76,78,81,72,73,48,86,67,68,91,70,72,33,82,53,62,75
L. Dálves,81,3,3,High/Low,Normal,80.0,82.0,60.0,71.0,34.0,75.0,"Injury Free, Long Passer (CPU AI Only)",56,82,83,68,79,74,59,67,47,73,79,81,55,83,55,84,84,56,87,80,65,32,81,58,77,79
E. Zahavi,81,4,4,High/Low,Normal,75.0,81.0,73.0,82.0,39.0,70.0,"Beat Offside Trap, Selfish, Argues with Officials, Speed Dribbler (CPU AI Only), Crowd Favourite",60,86,69,78,77,82,74,78,69,83,76,74,89,79,72,79,75,74,68,78,68,38,83,81,65,74
S. Giovinco,81,4,4,High/Medium,Normal,81.0,79.0,79.0,87.0,27.0,56.0,"Selfish, Argues with Officials, Finesse Shot, Crowd Favourite",72,78,34,80,75,86,90,92,76,86,84,78,94,83,93,80,34,75,42,81,75,26,83,78,73,82
K. Gameiro,81,4,3,Medium/Medium,Normal,85.0,79.0,74.0,77.0,43.0,67.0,Speed Dribbler (CPU AI Only),69,80,67,79,78,76,74,70,69,78,87,84,80,81,76,82,84,71,64,73,66,38,85,75,81,80
L. Martínez,81,4,4,High/Medium,Stocky,81.0,77.0,68.0,82.0,40.0,83.0,"Selfish, Long Passer (CPU AI Only), Crowd Favourite",56,82,82,72,69,82,76,33,73,82,81,81,86,78,73,79,88,78,84,69,84,31,82,76,66,77
L. López,81,4,4,High/High,Normal,75.0,82.0,73.0,80.0,50.0,70.0,"Avoids Using Weaker Foot, Speed Dribbler (CPU AI Only)",66,86,79,76,74,79,78,73,71,82,74,75,77,77,79,82,79,65,76,75,61,52,84,75,85,86
Gerard Moreno,81,4,3,High/Medium,Normal,76.0,79.0,66.0,78.0,45.0,69.0,"Beat Offside Trap, Speed Dribbler (CPU AI Only)",61,80,80,75,81,79,70,56,56,80,75,77,72,78,67,80,75,73,72,78,55,40,80,62,75,72
Y. Poulsen,81,3,3,High/High,Lean,83.0,74.0,67.0,75.0,56.0,82.0,Giant Throw-in,69,80,85,75,75,76,71,43,48,76,81,84,75,81,55,74,84,87,79,59,84,48,86,68,59,69
A. Plea,81,3,4,High/Medium,Stocky,76.0,81.0,76.0,78.0,39.0,74.0,Early Crosser,78,82,73,76,81,78,78,74,68,79,76,76,77,81,77,83,71,78,77,81,63,39,83,78,65,76
J. Martínez,81,4,3,High/Medium,Normal,89.0,79.0,61.0,79.0,25.0,73.0,"Selfish, Early Crosser, Long Passer (CPU AI Only), Speed Dribbler (CPU AI Only)",53,84,77,69,75,76,68,57,55,79,87,90,91,81,92,81,86,72,74,66,66,20,85,58,79,75
W. Weghorst,81,3,3,High/High,Normal,63.0,80.0,59.0,69.0,39.0,83.0,Long Passer (CPU AI Only),42,84,87,76,79,65,40,37,48,78,57,68,63,82,44,84,79,85,86,66,76,34,85,65,77,80
Sergi Enrich,80,4,4,High/High,Stocky,60.0,78.0,70.0,75.0,43.0,78.0,,70,82,81,79,82,74,55,47,61,81,60,60,68,82,65,77,78,76,83,70,66,42,84,72,68,74
Charles,80,3,4,High/High,Normal,60.0,81.0,61.0,79.0,35.0,67.0,,51,81,79,72,84,78,78,53,52,81,62,59,79,80,67,83,91,58,70,79,66,18,87,56,70,78
I. Piatti,80,4,5,High/Medium,Lean,73.0,81.0,74.0,85.0,55.0,75.0,"Beat Offside Trap, Selfish, Argues with Officials, Finesse Shot, Speed Dribbler (CPU AI Only), Crowd Favourite",69,81,54,78,77,86,80,55,74,84,75,72,85,81,78,84,29,85,74,80,78,53,82,77,80,82
L. Pratto,80,3,4,High/Medium,Stocky,71.0,79.0,72.0,75.0,58.0,86.0,Giant Throw-in,69,78,79,72,74,77,69,56,70,79,68,74,60,79,56,86,74,79,91,76,85,58,81,80,78,83
F. Smolov,80,4,4,High/Medium,Lean,86.0,81.0,70.0,76.0,32.0,73.0,"Injury Free, Beat Offside Trap, Argues with Officials",57,82,67,77,79,76,77,69,62,78,88,85,75,74,66,80,67,74,75,81,67,32,84,75,74,73
Hulk,80,3,4,High/Medium,Stocky,78.0,85.0,76.0,80.0,47.0,86.0,"Long Throw-in, Beat Offside Trap, Argues with Officials, Early Crosser, Finesse Shot",75,81,69,78,73,85,78,81,72,79,79,77,71,82,58,94,71,82,91,90,83,48,82,75,78,75
R. Jiménez,80,4,3,High/High,Normal,78.0,78.0,71.0,75.0,47.0,79.0,"Selfish, Long Passer (CPU AI Only)",70,80,81,74,77,77,73,45,71,76,73,82,72,78,49,80,69,82,78,69,80,52,83,72,90,78
L. Muriel,80,4,4,High/Medium,Stocky,88.0,76.0,68.0,84.0,27.0,68.0,"Selfish, Early Crosser",62,78,65,75,75,85,77,60,55,83,86,90,85,80,80,80,61,71,75,66,50,16,81,73,74,75
S. Zaza,80,3,4,High/High,Normal,76.0,79.0,62.0,77.0,50.0,84.0,"Injury Prone, Selfish",52,79,79,71,81,77,71,56,45,79,75,76,75,78,69,85,89,73,88,72,87,40,81,66,79,72
Mata,80,3,3,High/Medium,Normal,72.0,79.0,61.0,75.0,31.0,77.0,,63,84,75,65,72,79,55,48,51,78,71,73,63,84,41,78,69,72,79,71,80,19,84,66,76,76
M. Marega,80,3,3,High/Medium,Stocky,88.0,79.0,63.0,65.0,41.0,90.0,Early Crosser,65,80,77,67,75,64,58,37,52,66,87,89,66,77,50,84,75,93,90,72,89,26,84,68,71,74
A. Gignac,80,3,3,Medium/Medium,Stocky,69.0,82.0,71.0,71.0,43.0,83.0,"Beat Offside Trap, Long Passer (CPU AI Only), Speed Dribbler (CPU AI Only), Giant Throw-in",72,83,78,71,78,73,77,70,68,72,71,68,66,78,54,84,72,71,91,79,80,51,81,72,78,80
Jorge Molina,80,4,3,Medium/Medium,Stocky,39.0,83.0,67.0,70.0,41.0,70.0,Long Passer (CPU AI Only),49,85,82,80,82,73,62,59,57,81,38,39,32,85,35,83,49,31,88,81,77,41,85,72,80,81
M. Gómez,80,3,3,High/Low,Normal,64.0,80.0,68.0,72.0,32.0,79.0,Long Passer (CPU AI Only),59,84,86,75,76,74,68,57,63,78,60,67,55,78,50,79,79,79,85,75,65,21,85,70,67,79
W. Rooney,80,4,3,Medium/High,Stocky,64.0,81.0,80.0,76.0,56.0,76.0,"Avoids Using Weaker Foot, Leadership, Argues with Officials, Speed Dribbler (CPU AI Only), Outside Foot Shot",73,80,75,81,83,74,82,83,82,80,64,64,66,82,77,85,74,70,78,80,81,56,80,82,81,88
K. Baldé,80,4,4,High/Low,Normal,91.0,76.0,72.0,83.0,29.0,69.0,"Beat Offside Trap, Selfish, Crowd Favourite",75,78,58,76,68,83,70,52,64,85,92,91,81,76,78,78,66,70,74,74,54,31,77,72,60,79
Joaquín,80,3,4,High/Medium,Normal,66.0,78.0,83.0,82.0,44.0,56.0,"Avoids Using Weaker Foot, Selfish, Crowd Favourite",84,80,63,83,68,85,86,77,82,83,69,63,68,82,70,77,31,48,64,78,53,35,80,83,75,79
K. Piątek,80,3,3,Medium/Medium,Normal,76.0,80.0,53.0,73.0,38.0,71.0,Speed Dribbler (CPU AI Only),51,86,80,64,75,72,60,40,35,76,78,75,74,76,61,80,81,73,76,69,51,31,86,52,75,72
M. Dembélé,80,3,4,High/Medium,Normal,82.0,77.0,61.0,76.0,30.0,81.0,Selfish,50,81,76,71,69,75,69,41,48,79,79,85,78,77,68,80,83,74,86,66,75,22,82,68,82,76
J. Correa,80,4,4,High/Medium,Lean,84.0,75.0,75.0,85.0,39.0,67.0,"Beat Offside Trap, Selfish, Argues with Officials, Crowd Favourite",74,77,68,78,75,87,79,63,69,86,82,86,84,77,67,78,63,73,72,71,48,36,77,77,57,73
João Félix,80,4,5,High/Medium,Lean,82.0,80.0,74.0,81.0,40.0,70.0,"Selfish, Finesse Shot, Speed Dribbler (CPU AI Only), Crowd Favourite",73,79,69,76,79,82,81,58,67,80,79,85,83,83,80,82,79,79,64,80,69,38,84,77,68,82
Santi Mina,80,4,3,High/Medium,Normal,77.0,79.0,69.0,78.0,53.0,72.0,Early Crosser,73,82,77,72,75,79,69,55,65,79,75,78,75,79,72,80,73,75,71,74,69,55,83,68,67,69
Loren,80,3,3,Medium/Medium,Normal,77.0,79.0,59.0,78.0,31.0,72.0,Selfish,41,81,75,74,76,80,72,53,41,79,76,77,70,79,58,81,70,63,80,73,63,11,80,63,77,70
A. Rebić,80,4,4,High/Medium,Normal,88.0,80.0,70.0,78.0,39.0,81.0,"Injury Free, Argues with Officials, Early Crosser, Crowd Favourite",74,79,71,73,82,80,76,58,57,78,84,91,74,78,68,85,66,79,83,79,84,29,79,70,63,75
C. Wilson,80,3,4,High/Medium,Normal,87.0,78.0,67.0,77.0,39.0,75.0,"Power Free-Kick, Early Crosser",61,83,78,72,72,78,63,45,62,77,84,89,75,78,73,77,73,75,75,69,73,40,83,72,78,79
Portu,80,4,3,High/Medium,Normal,81.0,78.0,76.0,81.0,58.0,75.0,Beat Offside Trap,66,81,74,83,72,82,67,64,78,83,85,78,82,71,72,80,70,87,70,75,76,55,80,77,53,74
M. Dabbur,80,4,4,Medium/Low,Normal,75.0,78.0,65.0,77.0,32.0,72.0,"Diver, Injury Free, Selfish, Outside Foot Shot, Crowd Favourite",50,83,80,73,74,77,74,66,63,79,74,76,77,80,71,76,89,81,78,69,39,19,85,67,74,76
I. Belfodil,79,2,3,High/Medium,Lean,71.0,77.0,69.0,78.0,36.0,81.0,"Injury Free, Selfish, Speed Dribbler (CPU AI Only), Crowd Favourite",65,80,77,72,72,83,74,68,62,79,70,72,66,73,53,82,72,75,84,67,82,29,78,72,66,73
Éder,79,4,4,High/Medium,Normal,86.0,78.0,73.0,83.0,29.0,65.0,"Beat Offside Trap, Argues with Officials, Crowd Favourite",72,78,60,76,76,83,80,78,58,83,86,86,83,78,81,79,50,79,61,76,60,24,83,78,78,78
A. Modeste,79,3,3,Medium/Medium,Normal,74.0,78.0,63.0,72.0,35.0,80.0,"Injury Free, Beat Offside Trap, Long Passer (CPU AI Only)",62,80,83,67,80,71,66,56,55,75,71,76,67,82,62,80,85,67,86,71,82,15,80,62,79,80
C. Stuani,79,3,4,Medium/Low,Lean,69.0,78.0,69.0,75.0,48.0,82.0,"Long Passer (CPU AI Only), Crowd Favourite",68,80,85,74,73,76,66,57,65,77,69,69,65,81,62,77,90,86,80,74,81,36,82,69,90,79
Alex Teixeira,79,4,4,High/Medium,Normal,92.0,76.0,73.0,82.0,42.0,72.0,"Early Crosser, Crowd Favourite",63,77,54,79,78,80,73,49,70,81,94,90,91,82,83,72,82,85,72,75,52,65,80,79,74,84
S. Rondón,79,4,3,High/Medium,Stocky,69.0,77.0,62.0,70.0,37.0,82.0,Long Passer (CPU AI Only),55,78,84,73,75,70,59,65,40,76,67,71,64,75,46,85,72,75,88,69,77,35,80,65,65,76
Elkeson,79,4,4,High/Medium,Stocky,81.0,77.0,73.0,77.0,49.0,76.0,"Long Throw-in, Outside Foot Shot",67,75,79,75,76,76,76,80,66,77,88,76,80,75,74,86,76,80,77,72,68,56,77,78,85,76
Kike García,79,4,3,Medium/Medium,Normal,61.0,79.0,63.0,75.0,38.0,73.0,,56,78,81,76,81,77,42,46,49,80,60,62,63,77,51,82,72,67,77,77,71,37,84,67,70,82
Dyego Sousa,79,3,3,High/Medium,Normal,55.0,81.0,53.0,71.0,30.0,86.0,,48,83,86,64,78,74,46,34,45,77,58,53,53,77,39,83,74,84,86,75,89,25,81,53,75,68
W. Khazri,79,4,4,High/High,Stocky,76.0,80.0,77.0,79.0,43.0,68.0,"Argues with Officials, Early Crosser, Finesse Shot",80,79,54,77,69,79,80,79,69,81,74,77,80,79,67,85,44,69,68,82,75,55,81,79,75,80
Zé Luís,79,4,4,Medium/Medium,Normal,82.0,73.0,60.0,78.0,33.0,78.0,"Power Free-Kick, Injury Free, Long Passer (CPU AI Only), Crowd Favourite",45,74,83,67,75,80,66,54,44,81,81,82,64,80,61,79,92,68,83,64,76,29,78,75,75,72
C. Bacca,79,2,3,Medium/Low,Normal,70.0,76.0,64.0,76.0,33.0,66.0,Speed Dribbler (CPU AI Only),60,80,75,68,77,77,69,58,55,77,69,71,68,78,74,78,72,61,72,60,58,34,87,68,80,76
A. Hamdallah,79,3,3,Medium/Low,Normal,76.0,79.0,68.0,73.0,30.0,75.0,"Beat Offside Trap, Long Passer (CPU AI Only), Speed Dribbler (CPU AI Only)",66,84,78,70,76,71,75,65,60,76,77,76,78,75,70,78,80,84,77,68,55,20,83,71,75,78
D. Benedetto,79,5,3,High/Low,Normal,80.0,80.0,66.0,75.0,38.0,73.0,"Beat Offside Trap, Argues with Officials, Speed Dribbler (CPU AI Only)",55,81,76,71,73,74,69,60,66,78,78,81,74,74,72,83,88,68,77,77,66,35,82,69,76,81
D. Valeri,79,3,3,High/Medium,Lean,58.0,79.0,78.0,79.0,41.0,66.0,"Avoids Using Weaker Foot, Beat Offside Trap, Argues with Officials, Finesse Shot, Giant Throw-in",77,78,70,77,75,80,79,81,77,81,60,57,74,79,74,82,67,79,64,81,53,36,81,80,78,85
Soares,79,3,3,High/High,Normal,82.0,75.0,60.0,75.0,48.0,80.0,,52,77,82,69,73,75,69,40,54,76,78,85,71,78,65,77,78,78,78,68,90,40,83,59,75,79
Luimo Boas Santos,79,4,4,High/Medium,Normal,84.0,79.0,65.0,80.0,27.0,66.0,"Beat Offside Trap, Speed Dribbler (CPU AI Only)",42,79,73,74,76,82,79,60,56,78,86,82,83,82,69,75,82,80,67,82,43,20,82,75,74,73
E. Aguerro,79,4,4,High/Medium,Normal,84.0,79.0,65.0,80.0,27.0,66.0,"Beat Offside Trap, Speed Dribbler (CPU AI Only)",42,79,73,74,76,82,79,60,56,78,86,82,83,82,69,75,82,80,67,82,43,20,82,75,74,73
Ángel,79,3,3,High/Medium,Lean,74.0,79.0,61.0,79.0,34.0,64.0,,56,80,71,73,78,79,49,50,49,82,73,74,74,81,72,81,73,61,66,79,62,26,79,62,69,70
N. Kalinić,79,4,3,High/High,Lean,67.0,76.0,64.0,74.0,42.0,72.0,Selfish,60,82,78,74,76,74,64,54,48,78,63,71,68,78,56,77,67,68,76,60,68,42,87,66,70,78
E. Lavezzi,79,4,4,High/Low,Stocky,84.0,79.0,78.0,83.0,40.0,71.0,"Beat Offside Trap, Early Crosser, Crowd Favourite",77,80,57,80,77,82,83,78,65,83,85,83,87,81,85,79,82,68,71,78,73,31,82,83,69,78
L. Alario,79,3,3,High/Medium,Normal,71.0,77.0,59.0,75.0,29.0,75.0,,48,84,81,69,76,75,49,43,48,79,70,72,70,71,71,75,85,71,77,62,72,22,85,65,75,74
S. Kalou,79,3,4,Medium/Low,Lean,65.0,78.0,74.0,85.0,43.0,59.0,"Beat Offside Trap, Crowd Favourite",67,83,77,79,78,87,78,62,68,86,66,65,77,83,76,76,65,62,67,67,34,32,83,78,87,86
A. Saint-Maximin,79,4,5,High/Low,Normal,93.0,70.0,70.0,87.0,23.0,63.0,"Injury Free, Selfish, Early Crosser, Crowd Favourite",66,69,53,75,59,90,70,46,72,81,93,93,93,78,86,80,68,77,66,69,36,15,74,70,58,81
C. Pavón,79,3,4,High/Medium,Normal,91.0,76.0,75.0,79.0,49.0,74.0,"Diver, Argues with Officials, Early Crosser, Crowd Favourite",76,72,48,76,63,77,72,77,68,76,93,90,92,77,85,83,65,91,73,81,56,49,76,77,69,68
De Tomás,79,3,3,Medium/Medium,Normal,72.0,81.0,60.0,73.0,35.0,71.0,"Long Throw-in, Argues with Officials, Speed Dribbler (CPU AI Only)",50,81,75,72,78,72,53,73,52,75,70,73,72,78,75,84,79,66,79,82,54,22,79,54,75,75
Wesley,79,3,3,High/High,Stocky,77.0,76.0,68.0,73.0,38.0,88.0,,58,74,75,76,74,75,57,49,68,80,69,83,53,74,45,84,70,81,95,73,83,37,78,71,69,78
André Silva,79,3,4,Medium/Medium,Normal,77.0,75.0,63.0,78.0,43.0,75.0,,59,80,77,69,79,77,69,33,58,80,76,77,76,81,72,76,83,76,73,60,76,55,84,68,80,75
Richarlison,79,5,4,High/Medium,Normal,84.0,77.0,72.0,81.0,45.0,79.0,"Injury Free, Selfish, Crowd Favourite",72,81,77,76,70,84,74,65,60,80,82,86,78,79,72,82,80,79,77,67,82,35,81,74,73,80
M. Batshuayi,79,5,4,Medium/Low,Normal,76.0,79.0,58.0,78.0,33.0,72.0,"Injury Free, Selfish",65,81,75,63,82,78,66,46,36,80,77,75,75,79,76,81,80,65,78,74,63,23,83,62,67,81
Munir,79,3,4,High/Low,Lean,84.0,77.0,75.0,81.0,35.0,66.0,"Early Crosser, Outside Foot Shot",73,78,75,80,80,81,81,67,62,82,85,84,84,77,82,76,62,74,66,75,58,25,78,76,66,80
Mariano,79,4,3,High/Medium,Stocky,82.0,80.0,61.0,73.0,45.0,80.0,"Long Throw-in, Power Free-Kick, Injury Free, Argues with Officials, Long Passer (CPU AI Only)",50,79,82,66,70,73,76,76,51,72,81,83,78,78,72,85,92,78,78,82,84,45,78,63,75,68
Leo Baptistao,79,3,4,Medium/Medium,Stocky,77.0,75.0,72.0,79.0,33.0,67.0,,67,74,76,79,77,79,70,59,63,79,75,79,77,82,71,79,73,77,71,73,41,28,83,75,65,75
M. Samatta,79,4,3,High/High,Normal,85.0,78.0,66.0,73.0,32.0,74.0,Early Crosser,71,83,77,76,76,73,65,57,45,72,83,86,75,73,69,78,88,82,72,69,66,18,81,63,70,78
David Villa,79,4,4,High/Low,Normal,65.0,81.0,74.0,80.0,34.0,67.0,"Beat Offside Trap, Selfish, Argues with Officials",71,83,67,76,77,82,82,77,67,83,63,66,67,80,70,78,68,65,68,79,67,29,83,75,88,83
Wu Lei,79,4,3,Medium/Medium,Normal,87.0,74.0,72.0,80.0,36.0,66.0,"Diver, Beat Offside Trap, Giant Throw-in",68,78,72,76,72,79,69,69,67,81,90,85,78,79,80,77,87,68,63,67,65,23,82,73,53,71
B. Yılmaz,79,3,3,High/Low,Lean,80.0,81.0,65.0,69.0,34.0,77.0,"Power Free-Kick, Speed Dribbler (CPU AI Only)",68,82,72,66,77,69,60,70,60,69,81,79,72,81,48,85,66,69,79,74,85,33,86,64,79,81
H. Seferović,79,2,3,High/Medium,Normal,71.0,77.0,67.0,71.0,47.0,86.0,Argues with Officials,68,78,78,68,76,71,72,64,61,74,67,74,66,82,60,82,75,89,87,69,81,42,86,68,68,81
J. King,79,3,4,Medium/Medium,Normal,88.0,79.0,69.0,79.0,38.0,75.0,"Selfish, Early Crosser",65,81,68,74,73,81,70,53,64,79,85,90,74,78,74,79,72,76,77,76,69,34,80,74,81,77
K. Toko-Ekambi,79,4,3,High/Medium,Lean,79.0,78.0,67.0,78.0,27.0,68.0,"Beat Offside Trap, Early Crosser",74,81,74,69,72,78,66,63,58,79,79,79,75,76,71,80,68,69,76,72,48,28,81,65,69,77
D. Ginczek,78,4,3,High/Medium,Stocky,76.0,77.0,51.0,68.0,38.0,79.0,Power Free-Kick,31,78,74,64,78,69,49,58,37,73,67,84,54,76,53,85,64,59,90,66,80,29,79,58,76,71
S. Jovetić,78,4,3,Medium/Medium,Normal,67.0,80.0,76.0,80.0,35.0,63.0,"Power Free-Kick, Selfish, Argues with Officials, Crowd Favourite",72,79,73,80,79,80,85,72,64,83,65,68,77,76,67,81,70,60,68,80,50,30,80,82,80,78
N. Amrabat,78,2,4,High/Medium,Normal,79.0,75.0,76.0,80.0,53.0,74.0,"Injury Free, Early Crosser",79,73,68,78,73,80,77,68,67,78,81,77,86,74,78,81,53,73,78,72,71,54,73,78,77,71
T. Deeney,78,3,2,High/Medium,Stocky,57.0,79.0,67.0,71.0,37.0,85.0,"Avoids Using Weaker Foot, Giant Throw-in",56,77,83,74,78,68,68,49,61,77,54,59,62,78,68,86,83,73,91,75,85,31,79,74,82,78
S. Wagner,78,4,3,High/Low,Normal,59.0,79.0,53.0,65.0,36.0,82.0,"Beat Offside Trap, Argues with Officials, Long Passer (CPU AI Only)",49,83,86,63,76,62,51,54,42,74,53,63,54,78,40,83,61,66,90,69,86,19,84,47,65,72
D. Welbeck,78,3,3,High/High,Normal,77.0,74.0,70.0,77.0,43.0,74.0,"Power Free-Kick, Early Crosser",69,75,77,75,76,78,61,62,64,77,74,79,76,76,62,78,80,68,75,68,75,32,77,70,70,75
A. Barnes,78,4,3,High/High,Normal,62.0,78.0,68.0,74.0,47.0,81.0,,66,80,79,72,75,72,62,56,65,79,64,60,66,78,71,84,83,77,80,65,90,41,79,70,80,78
A. Dzyuba,78,3,3,Medium/Low,Stocky,65.0,76.0,67.0,69.0,27.0,84.0,,61,79,86,72,74,72,66,60,55,77,66,65,50,75,32,78,63,78,93,69,75,30,79,74,77,70
Alan Carvalho,78,4,4,High/Medium,Lean,83.0,75.0,68.0,82.0,33.0,71.0,Early Crosser,66,79,72,68,76,83,78,72,59,79,83,83,88,75,75,74,81,75,74,68,54,39,78,72,76,70
M. Antonio,78,3,4,Medium/Medium,Stocky,85.0,72.0,73.0,78.0,56.0,82.0,"Power Free-Kick, Selfish, Early Crosser, Long Passer (CPU AI Only), Long Shot Taker (CPU AI Only)",75,72,84,75,64,79,66,60,72,76,82,87,83,76,76,75,91,74,85,70,82,45,76,74,73,70
D. Mbokani,78,3,3,Medium/Low,Normal,68.0,75.0,66.0,77.0,40.0,76.0,"Speed Dribbler (CPU AI Only), Outside Foot Shot, Crowd Favourite",52,77,78,75,72,75,68,57,58,82,69,67,78,74,66,77,73,72,82,69,68,38,85,74,73,86
A. Townsend,78,4,4,High/High,Lean,78.0,77.0,75.0,80.0,38.0,69.0,"Injury Free, Argues with Officials, Early Crosser",78,73,48,75,72,81,80,78,67,80,79,78,78,76,77,83,44,86,61,82,76,37,74,75,76,71
A. Finnbogason,78,4,3,Medium/Medium,Normal,66.0,81.0,62.0,74.0,33.0,69.0,"Power Free-Kick, Beat Offside Trap",37,83,68,71,79,75,56,51,67,75,66,66,65,82,66,78,66,54,78,77,64,20,86,72,89,83
G. Defrel,78,3,4,High/Medium,Lean,86.0,78.0,68.0,82.0,36.0,55.0,"Power Free-Kick, Early Crosser",70,79,68,67,75,83,67,69,60,82,87,85,81,75,72,79,42,56,56,78,53,37,81,75,69,75
S. García,78,4,3,High/Low,Stocky,66.0,80.0,62.0,71.0,27.0,84.0,"Beat Offside Trap, Speed Dribbler (CPU AI Only)",55,82,75,61,76,71,68,75,54,74,67,65,68,72,60,82,75,75,89,73,86,25,83,71,77,77
Djaniny,78,4,4,Medium/Low,Normal,83.0,74.0,68.0,77.0,35.0,76.0,"Injury Free, Early Crosser",65,79,73,70,66,78,64,53,64,78,80,85,77,76,67,76,71,83,81,63,55,47,78,73,67,77
L. Pavoletti,78,3,3,High/Low,Normal,60.0,76.0,51.0,68.0,37.0,78.0,"Power Free-Kick, Long Passer (CPU AI Only)",33,82,93,68,80,66,49,28,36,74,62,58,64,77,60,80,86,70,84,56,69,24,83,56,67,76
G. Cano,78,4,3,High/Low,Normal,69.0,80.0,62.0,75.0,36.0,66.0,"Long Passer (CPU AI Only), Speed Dribbler (CPU AI Only), Giant Throw-in",44,83,73,69,78,73,66,56,61,78,63,73,75,76,68,82,74,72,70,73,48,35,81,68,83,78
O. Al Soma,78,4,3,High/Low,Normal,70.0,79.0,69.0,73.0,39.0,81.0,"Long Throw-in, Avoids Using Weaker Foot, Long Passer (CPU AI Only)",68,80,77,70,67,73,69,74,65,75,70,70,69,75,66,85,63,79,89,76,67,43,76,71,76,71
Júnior Moraes,78,4,3,High/Medium,Normal,79.0,77.0,55.0,74.0,27.0,66.0,Selfish,36,82,69,74,71,74,53,35,33,75,78,79,72,80,73,70,68,74,69,76,46,41,84,64,70,69
J. Hernández,78,3,3,Medium/Low,Normal,70.0,77.0,64.0,75.0,31.0,59.0,"Beat Offside Trap, Skilled Dribbling",64,83,78,65,72,72,67,52,56,77,75,66,75,80,78,75,83,65,53,66,59,26,85,70,74,79
N. Petersen,78,4,3,High/High,Normal,59.0,79.0,59.0,66.0,45.0,73.0,"Giant Throw-in, Outside Foot Shot",58,82,82,65,83,63,57,45,49,70,56,61,63,83,57,79,66,80,76,71,60,39,84,61,75,82
F. Caicedo,78,3,3,High/High,Stocky,74.0,76.0,71.0,75.0,44.0,81.0,Selfish,59,76,75,79,75,77,66,68,66,79,73,74,60,78,67,84,75,61,92,68,80,43,82,75,73,70
V. Fischer,78,4,4,High/Medium,Normal,82.0,72.0,73.0,80.0,37.0,70.0,"Beat Offside Trap, Selfish, Crowd Favourite",70,71,49,75,74,80,72,65,68,81,81,83,82,72,77,77,58,81,67,69,68,34,78,77,64,76
K. Mirallas,78,4,4,High/Medium,Lean,76.0,73.0,76.0,80.0,43.0,61.0,"Selfish, Argues with Officials, Crowd Favourite",77,71,64,80,75,81,77,76,75,82,77,75,79,74,73,77,68,69,58,72,58,35,76,67,75,73
J. Mateta,78,4,3,High/Low,Normal,82.0,75.0,53.0,73.0,34.0,77.0,,39,81,81,65,73,76,53,32,41,72,74,88,70,76,53,73,77,65,85,63,71,26,81,59,74,66
Joelinton,78,4,3,High/Medium,Normal,78.0,75.0,60.0,76.0,43.0,81.0,Crowd Favourite,44,80,74,73,67,77,52,38,56,78,77,79,69,72,67,81,76,75,85,62,78,45,77,64,61,73
G. Laborde,78,3,3,High/Medium,Normal,72.0,76.0,67.0,75.0,34.0,79.0,,64,79,81,74,77,76,68,52,61,74,70,74,73,77,64,78,85,80,80,69,72,24,77,68,66,72
D. Selke,78,3,3,High/Medium,Lean,76.0,76.0,53.0,72.0,43.0,76.0,,40,80,78,63,76,71,65,29,44,76,74,78,68,78,69,79,70,74,76,65,82,29,81,58,72,66
A. Miranchuk,78,2,3,Medium/Medium,Lean,74.0,66.0,78.0,79.0,31.0,62.0,"Selfish, Finesse Shot, Crowd Favourite",72,67,57,81,62,80,74,78,74,80,73,75,77,75,74,65,58,75,64,65,43,36,72,82,64,76
M. Gregoritsch,78,3,4,High/Low,Normal,64.0,78.0,74.0,74.0,40.0,71.0,"Long Throw-in, Beat Offside Trap, Argues with Officials, Speed Dribbler (CPU AI Only)",65,77,71,77,75,75,83,79,71,78,62,66,65,78,52,84,50,69,79,80,58,33,78,74,64,65
B. Traoré,78,1,4,High/Medium,Lean,87.0,73.0,71.0,83.0,43.0,66.0,"Beat Offside Trap, Selfish, Early Crosser, Speed Dribbler (CPU AI Only), Crowd Favourite",64,75,64,74,75,83,78,74,69,86,85,89,88,72,69,76,78,73,64,66,60,45,78,73,69,73
A. Mitrović,78,4,3,Medium/Medium,Stocky,62.0,77.0,55.0,69.0,27.0,83.0,Long Passer (CPU AI Only),29,79,85,70,77,66,42,52,43,76,58,66,67,77,60,82,82,64,90,70,89,14,82,68,70,76
D. Origi,78,4,4,High/Medium,Normal,82.0,76.0,67.0,75.0,27.0,74.0,Selfish,69,77,75,74,70,76,54,40,59,76,78,85,72,77,66,81,76,70,77,70,69,28,78,69,65,75
D. Berardi,78,3,4,High/Low,Lean,77.0,77.0,74.0,82.0,37.0,67.0,Argues with Officials,74,74,62,75,78,80,70,73,75,85,77,77,87,73,73,83,65,66,61,79,85,26,77,71,74,74
V. Aboubakar,78,3,4,High/Medium,Normal,74.0,77.0,70.0,78.0,36.0,79.0,Selfish,57,78,74,72,78,80,80,67,68,79,72,76,72,74,63,80,75,69,85,73,76,33,76,77,74,84
M. Uth,78,3,3,Medium/High,Lean,76.0,80.0,69.0,77.0,40.0,68.0,,67,79,69,72,74,77,60,57,68,77,77,76,74,84,67,84,71,75,67,82,61,39,79,71,74,76
M. Diagne,78,4,3,Medium/Low,Lean,65.0,78.0,58.0,61.0,32.0,74.0,"Injury Free, Speed Dribbler (CPU AI Only)",56,81,85,65,68,60,67,48,45,74,66,65,39,76,30,81,53,70,89,70,48,19,82,60,72,74
C. Tévez,78,3,4,High/Low,Stocky,68.0,77.0,74.0,78.0,45.0,71.0,"Beat Offside Trap, Argues with Officials, Speed Dribbler (CPU AI Only), Giant Throw-in",71,78,54,79,74,78,74,68,68,78,71,66,76,74,79,82,51,61,75,72,77,39,78,75,72,83
H. Onyekuru,78,4,4,High/Low,Lean,90.0,74.0,67.0,82.0,34.0,56.0,"Injury Free, Early Crosser, Speed Dribbler (CPU AI Only), Crowd Favourite",69,78,57,70,69,84,70,45,63,78,91,90,90,72,82,71,91,75,44,73,53,18,77,67,65,70
Raffael,78,4,4,High/Medium,Lean,62.0,76.0,80.0,84.0,44.0,62.0,"Power Free-Kick, Beat Offside Trap, Crowd Favourite",78,77,59,82,81,85,79,77,76,83,67,57,83,79,83,76,70,59,62,73,66,45,81,80,72,76
M. Zárate,78,3,4,High/Low,Normal,77.0,80.0,70.0,85.0,42.0,68.0,"Injury Free, Selfish, Argues with Officials, Speed Dribbler (CPU AI Only), Crowd Favourite",66,80,55,75,75,86,81,82,58,85,78,77,88,76,73,81,70,72,66,83,66,38,78,68,72,73
G. Hoarau,78,3,3,Medium/Low,Lean,47.0,79.0,69.0,71.0,44.0,79.0,"Power Free-Kick, Avoids Using Weaker Foot, Beat Offside Trap, Long Passer (CPU AI Only), Speed Dribbler (CPU AI Only)",66,83,85,76,76,70,66,59,64,73,43,50,67,78,62,79,79,67,91,69,63,34,82,69,81,77
A. Delort,78,3,3,High/High,Stocky,73.0,78.0,70.0,73.0,33.0,80.0,"Long Throw-in, Argues with Officials",71,78,76,74,77,74,41,71,63,73,70,75,71,72,75,85,80,78,82,74,79,23,79,72,75,73
M. Suárez,77,4,4,High/Medium,Lean,70.0,77.0,72.0,81.0,31.0,67.0,"Selfish, Speed Dribbler (CPU AI Only), Crowd Favourite",72,77,65,72,75,81,72,70,69,82,70,70,79,79,73,80,70,63,73,75,54,18,81,76,70,82
L. Rodríguez,77,4,4,High/Low,Stocky,67.0,79.0,73.0,79.0,27.0,66.0,"Argues with Officials, Speed Dribbler (CPU AI Only), Outside Foot Shot, Crowd Favourite",71,80,65,73,73,78,79,73,71,82,69,66,75,79,86,80,75,55,69,78,72,22,81,77,75,83
Johnathan,77,5,4,High/Low,Lean,79.0,76.0,63.0,74.0,40.0,76.0,Crowd Favourite,63,78,78,68,70,75,72,57,54,74,80,79,75,69,66,79,80,85,77,76,63,31,75,62,58,67
T. Pukki,77,3,3,High/Medium,Normal,77.0,75.0,58.0,75.0,33.0,69.0,Beat Offside Trap,45,81,62,71,68,73,53,40,35,76,78,76,77,81,72,75,75,78,69,64,56,36,84,71,66,73
G. Bou,77,4,4,Medium/Low,Normal,78.0,76.0,69.0,76.0,30.0,72.0,"Long Throw-in, Selfish, Speed Dribbler (CPU AI Only)",69,77,74,71,70,77,66,71,61,77,78,78,74,74,75,80,77,79,75,73,52,39,78,71,71,78
G. Murray,77,3,2,Low/Medium,Lean,31.0,78.0,61.0,67.0,42.0,72.0,Long Passer (CPU AI Only),48,84,85,69,76,65,57,33,55,74,32,30,52,84,67,78,84,54,76,64,79,45,87,70,80,81
O. Ighalo,77,3,4,Medium/Medium,Normal,84.0,72.0,56.0,78.0,36.0,79.0,"Injury Free, Crowd Favourite",49,76,71,61,70,80,64,53,47,76,86,82,75,78,70,73,82,78,80,62,78,30,84,60,63,82
Alan Kardec,77,3,3,Medium/Low,Normal,73.0,76.0,64.0,71.0,34.0,74.0,Long Passer (CPU AI Only),68,78,82,67,67,70,56,69,58,73,74,72,68,75,63,78,80,79,79,74,53,33,78,59,69,67
G. Sio,77,3,3,High/Low,Normal,82.0,76.0,71.0,76.0,29.0,75.0,Early Crosser,68,77,71,73,73,76,73,69,67,76,78,85,79,71,73,77,70,78,74,74,77,18,76,73,72,72
M. Berg,77,4,3,High/Low,Lean,73.0,76.0,63.0,72.0,35.0,71.0,,56,77,75,72,71,72,66,47,51,73,72,73,70,75,71,79,74,69,76,74,61,28,83,66,70,75
G. Burgstaller,77,5,3,High/High,Normal,67.0,76.0,66.0,72.0,38.0,84.0,,69,78,74,73,74,74,62,42,58,72,65,68,64,80,63,79,68,91,82,72,84,34,80,64,64,78
